<?xml version="1.0" encoding="UTF-8"?>
<beans xmlns="http://www.springframework.org/schema/beans"
	xmlns:xsi="http://www.w3.org/2001/XMLSchema-instance"
	xmlns:c="http://www.springframework.org/schema/c"
	xsi:schemaLocation="http://www.springframework.org/schema/beans http://www.springframework.org/schema/beans/spring-beans.xsd">

<!-- bookListDaoImp Bean 선언 -->
<bean id="bookListDao" class="bookList.dao.BookListDaoImp">
	<property name="sqlSession" ref="sqlSession" />
</bean>

<!-- bookListServiceImp Bean 선언 -->
<bean id="bookListService" class="bookList.service.BookListServiceImp">
	<property name="bookListDao" ref="bookListDao" />
</bean>

<!-- bookListController Bean 선언 -->
<bean class="bookList.controller.BookListController" >
	<property name="bookListService" ref="bookListService" />
</bean>


</beans>
