<?xml version="1.0" encoding="UTF-8"?>
<beans xmlns="http://www.springframework.org/schema/beans"
	xmlns:xsi="http://www.w3.org/2001/XMLSchema-instance"
	xmlns:aop="http://www.springframework.org/schema/aop"
	xmlns:tx="http://www.springframework.org/schema/tx"
	xmlns:mvc="http://www.springframework.org/schema/mvc"
	xsi:schemaLocation="http://www.springframework.org/schema/mvc http://www.springframework.org/schema/mvc/spring-mvc-4.3.xsd
      http://www.springframework.org/schema/beans http://www.springframework.org/schema/beans/spring-beans.xsd
      http://www.springframework.org/schema/aop http://www.springframework.org/schema/aop/spring-aop-4.3.xsd
      http://www.springframework.org/schema/tx http://www.springframework.org/schema/tx/spring-tx-4.3.xsd">
	<mvc:interceptors>
		<mvc:interceptor>
			<mvc:mapping path="/admin/**" />
			<mvc:exclude-mapping path="/admin" />
			<mvc:exclude-mapping path="/admin/login" />
			<mvc:exclude-mapping path="/admin/adminSignup" />
			<mvc:exclude-mapping path="/admin/idcheck" />



			<bean class="common.interceptor.AuthCheckInterceptor" />
		</mvc:interceptor>
		<mvc:interceptor>
			<mvc:mapping path="/mylibrary" />
			<mvc:mapping path="/request" />
			<mvc:mapping path="/my/*" />



			<bean class="common.interceptor.UserAuthCheckinterceptor" />
		</mvc:interceptor>
	</mvc:interceptors>
	<mvc:annotation-driven />
	<!-- [1] DataSource 빈 선언 -->
	<bean id="dataSource"
		class="org.springframework.jdbc.datasource.DriverManagerDataSource">
		<property name="driverClassName"
			value="oracle.jdbc.OracleDriver" />
		<property name="url"
			value="jdbc:oracle:thin:@127.0.0.1:1521:xe" />
		<property name="username" value="hr3" />
		<property name="password" value="a1234" />
	</bean>

	<!-- [2] SqlSessionFactoryBean 빈 선언 -->
	<bean id="sqlSessionFactoryBean"
		class="org.mybatis.spring.SqlSessionFactoryBean">
		<property name="dataSource" ref="dataSource" />
		<property name="mapperLocations">
			<list>
				<value>classpath:mapper/adminMapper.xml</value>
				<value>classpath:mapper/userMapper.xml</value>
				<value>classpath:mapper/mapMapper.xml</value>
				<value>classpath:mapper/printbookMapper.xml</value>
				<value>classpath:mapper/usernoticeMapper.xml</value>
				<value>classpath:mapper/bookmanageMapper.xml</value>
				<value>classpath:mapper/bookRequestMapper.xml</value>
				<value>classpath:mapper/adminnoticeMapper.xml</value>
			</list>
		</property>
	</bean>

	<!-- [3] SqlSessionTemplate 빈 선언 -->
	<bean id="sqlSession"
		class="org.mybatis.spring.SqlSessionTemplate">
		<constructor-arg ref="sqlSessionFactoryBean" />
	</bean>

	<!-- 선언적 트랜잭션 : <tx:advice>태그를 이용한 트랜잭션 -->
	<!-- Spring JDBC나 Mybatis를 이용해서 DB연동을 하는 경우 DataSourceTransactionManager가 
		트랜잭션 관리자로 사용된다. -->

	<!-- [4] TransactionManager 빈 선언 -->
	<bean id="transactionManager"
		class="org.springframework.jdbc.datasource.DataSourceTransactionManager">
		<property name="dataSource" ref="dataSource" />
	</bean>

	<!-- [5] 선언적 트랜잭션 : <tx:advice>태그를 이용한 트랜잭션 처리 -->
	<tx:advice id="txAdvice"
		transaction-manager="transactionManager">
		<tx:attributes>
			<tx:method name="*Process"
				rollback-for="org.springframework.dao.DuplicateKeyException" />
		</tx:attributes>
	</tx:advice>

	<aop:config>
		<aop:pointcut
			expression="execution(* service.*ServiceImp.*Process(..))" id="aa" />
		<aop:advisor advice-ref="txAdvice" pointcut-ref="aa" />
	</aop:config>

	<!-- controller -->


	<!-- tiles -->
	<bean
		class="org.springframework.web.servlet.view.tiles3.TilesConfigurer">
		<property name="definitions">
			<list>
				<value>/WEB-INF/tiles/tiles.xml</value>
			</list>
		</property>
	</bean>

	<!-- ViewResolver -->
	<bean
		class="org.springframework.web.servlet.view.BeanNameViewResolver">
		<property name="order" value="1" />
	</bean>

	<bean
		class="org.springframework.web.servlet.view.UrlBasedViewResolver">
		<property name="viewClass"
			value="org.springframework.web.servlet.view.tiles3.TilesView" />
		<property name="order" value="2" />
	</bean>

	<bean
		class="org.springframework.web.servlet.view.InternalResourceViewResolver">
		<property name="prefix" value="/WEB-INF/views/" />
		<property name="suffix" value=".jsp" />
		<property name="order" value="3" />
	</bean>
</beans>