<?xml version="1.0" encoding="UTF-8"?>
<beans xmlns="http://www.springframework.org/schema/beans"
	xmlns:xsi="http://www.w3.org/2001/XMLSchema-instance"
	xsi:schemaLocation="http://www.springframework.org/schema/beans http://www.springframework.org/schema/beans/spring-beans.xsd">

<!-- MapDaoImp Bean 선언 -->

<bean id="MapDao" class="map.dao.MapDaoImp">
	<property name="sqlSession" ref="sqlSession"/>
  
</bean>

<!-- MapServiceImp Bean 선언 -->
<bean id="MapService" class="map.service.MapServiceImp">
	<property name="dao" ref="MapDao" />
</bean>

<!-- MapController Bean 선언 -->
<bean class="map.controller.drawMapController" >
	<property name="mapService" ref="MapService" />
</bean>
</beans>


