<?xml version="1.0" encoding="UTF-8"?>
<beans xmlns="http://www.springframework.org/schema/beans"
	xmlns:xsi="http://www.w3.org/2001/XMLSchema-instance"
	xsi:schemaLocation="http://www.springframework.org/schema/beans http://www.springframework.org/schema/beans/spring-beans.xsd">
	
	<!-- userBookListDaoImp Bean 선언 -->
	<bean id="userBookListDao" class="userBookList.dao.UserBookListDaoImp">
		<property name="sqlSession" ref="sqlSession" />
	</bean>
	
	<!-- userBookListServiceImp Bean 선언 -->
	<bean id="userBookListService" class="userBookList.service.UserBookListServiceImp">
		<property name="userBookListDao" ref="userBookListDao" />
	</bean>
	
	<!-- userBookListController Bean 선언 -->
	<bean class="userBookList.controller.UserBookListController" >
		<property name="userBookListService" ref="userBookListService" />
		<property name="userService" ref="userService" />
	</bean>

</beans>