<?xml version="1.0" encoding="UTF-8"?>
<beans xmlns="http://www.springframework.org/schema/beans"
	xmlns:xsi="http://www.w3.org/2001/XMLSchema-instance"
	xsi:schemaLocation="http://www.springframework.org/schema/beans http://www.springframework.org/schema/beans/spring-beans.xsd">
	<!-- userDaoImp Bean 선언 -->
	<bean id="userDao" class="user.dao.UserDaoImp">
		<property name="sqlSession" ref="sqlSession" />
	</bean>

	<!-- userServiceImp Bean 선언 -->
	<bean id="userService" class="user.service.UserServiceImp">
		<property name="userDao" ref="userDao" />
	</bean>

	<!-- NoticeDaoImp 빈 선언 -->
	<bean id="userNoticeDao" class="user.notice.dao.NoticeDaoImp">
		<property name="sqlSession" ref="sqlSession" />
	</bean>

	<!-- noticeServiceImp 빈 선언 -->
	<bean id="userNoticeService"
		class="user.notice.service.NoticeServiceImp">
		<property name="userNoticeDao" ref="userNoticeDao" />
	</bean>
	<!-- userController Bean 선언 -->
	<bean class="user.controller.UserController">
		<property name="userService" ref="userService" />
		<property name="userNoticeService" ref="userNoticeService" />
	</bean>
</beans>
