<?xml version="1.0" encoding="UTF-8"?>
<!DOCTYPE mapper
    PUBLIC "-//mybatis.org//DTD Mapper 3.0//EN"
    "https://mybatis.org/dtd/mybatis-3-mapper.dtd">

<mapper namespace="admin">
	<insert id="addAdmin" parameterType="admin.dto.AdminDTO">
		INSERT INTO
		admin_data(admin_id,
		admin_password, admin_Name)
		VALUES
		(#{admin_id,jdbcType=VARCHAR},
		#{admin_password,jdbcType=VARCHAR},
		#{admin_name,jdbcType=VARCHAR})
	</insert>
	<!-- 아이디 값으로 사용자 선택 -->
	<select id="selectByadmin_id" parameterType="string"
		resultType="admin.dto.AdminDTO">
		SELECT *
		FROM admin_data
		WHERE admin_id =
		#{loginId,jdbcType=VARCHAR} AND admin_password=#{loginPw ,
		jdbcType=VARCHAR}
	</select>
	<select id="idcheck" parameterType="string" resultType="int">
		SELECT
		COUNT(admin_id)
		FROM admin_data
		WHERE admin_id =
		#{admin_id,jdbcType=VARCHAR}
	</select>
	<select id="printUserAll" parameterType="print.dto.PageDTO"
		resultType="user.dto.UserDTO">
			<![CDATA[
		SELECT y.* FROM(
					SELECT rownum as rm, x.*FROM(
								SELECT * FROM user_data
								)x)y
		WHERE y.rm BETWEEN #{startRow} AND #{endRow} 

		]]>
	</select>
		<select id="printAdminAll" parameterType="print.dto.PageDTO"
		resultType="admin.dto.AdminDTO">
			<![CDATA[
		SELECT y.* FROM(
					SELECT rownum as rm, x.*FROM(
								SELECT * FROM admin_data
								)x)y
		WHERE y.rm BETWEEN #{startRow} AND #{endRow} 

		]]>
	</select>
	<select id="countUserAll" resultType="int">
		select count(*) from user_data
	</select>
	<select id="countAdminAll" resultType="int">
		select count(*) from admin_data
	</select>
	<delete id="deleteUser" parameterType="string">
		DELETE FROM user_data
		WHERE user_id = #{user_id,jdbcType=VARCHAR}
	</delete>
	<delete id="deleteAdmin" parameterType="string">
		DELETE FROM admin_data
		WHERE admin_id = #{admin_id}
	</delete>
	<select id="searchuser" parameterType="java.util.Map"
		resultType="user.dto.UserDTO">
		SELECT y.* FROM(
		SELECT rownum as rm, x.* FROM (
		SELECT * FROM user_data
		<if test="query != null">
			<if test="option eq 'nmq'">
				WHERE user_name like '%'||#{query}||'%'
			</if>
			<if test="option eq 'idq'">
				WHERE user_id LIKE '%'||#{query}||'%'
			</if>
		</if>
		) x
		) y
		WHERE y.rm BETWEEN #{page.startRow} AND
		#{page.endRow}
	</select>
	<select id="searchadmin" parameterType="java.util.Map"
		resultType="admin.dto.AdminDTO">
		SELECT y.* FROM(
		SELECT rownum as rm, x.* FROM (
		SELECT * FROM
		admin_data
		<if test="query != null">
			<if test="option eq 'nmq'">
				WHERE admin_name like '%'||#{query}||'%'
			</if>
			<if test="option eq 'idq'">
				WHERE admin_id LIKE '%'||#{query}||'%'
			</if>
		</if>
		) x
		) y
		WHERE y.rm BETWEEN #{page.startRow} AND
		#{page.endRow}
	</select>
	<select id="countuser" parameterType="java.util.Map"
		resultType="int">

		SELECT count(*) FROM user_data
		<if test="query != null">
			<if test="option eq 'nmq'">
				WHERE user_name like '%'||#{query}||'%'
			</if>
			<if test="option eq 'idq'">
				WHERE user_id LIKE '%'||#{query}||'%'
			</if>
		</if>

	</select>
	<select id="countadmin" parameterType="java.util.Map"
		resultType="int">

		SELECT count(*) FROM
		admin_data
		<if test="query != null">
			<if test="option eq 'nmq'">
				WHERE admin_name like '%'||#{query}||'%'
			</if>
			<if test="option eq 'idq'">
				WHERE admin_id LIKE '%'||#{query}||'%'
			</if>
		</if>

	</select>


	<update id="changePass" parameterType="string">
		update admin_data set
		admin_password=#{newpass } where admin_id=#{admin_id}
	</update>


</mapper>