<?xml version="1.0" encoding="UTF-8"?>
<!DOCTYPE mapper
    PUBLIC "-//mybatis.org//DTD Mapper 3.0//EN"
    "http://mybatis.org/dtd/mybatis-3-mapper.dtd">

<mapper namespace="reply">
	<insert id="r_insert" parameterType="board.dto.ReplyDTO">
	<!-- insert into reply
	values(reply_rno_seq.nextval,#{bno},#{replytext},#{memberEmail},sysdate) -->
		
		 insert into reply
		values(reply_rno_seq.nextval,#{bno},#{replytext},#{memberEmail},sysdate,#{rupload,jdbcType=VARCHAR})
	</insert>

	<select id="r_list" parameterType="int" resultType="board.dto.ReplyDTO">
		select * from
		reply where bno=#{bno} order by rno desc
	</select>
	
	<delete id="r_delete" parameterType="board.dto.ReplyDTO" >
	  delete from reply
	  where rno=#{rno}
	</delete>
	
	<update id="r_update" parameterType="board.dto.ReplyDTO">
	  update reply set replytext=#{replytext}
	  where  rno=#{rno}
	</update>
</mapper>  





  